선거구명,선거구역
서울특별시(지역구 : 48),
종 로 구 선 거 구,종로구
중구성동구갑선거구,성동구왕십리제2동
중구성동구갑선거구,왕십리도선동
중구성동구갑선거구,마장동
중구성동구갑선거구,사근동
중구성동구갑선거구,행당제1동
중구성동구갑선거구,행당제2동
중구성동구갑선거구,응봉동
중구성동구갑선거구,성수1가제1동
중구성동구갑선거구,성수1가제2동
중구성동구갑선거구,성수2가제1동
중구성동구갑선거구,성수2가제3동
중구성동구갑선거구,송정동
중구성동구갑선거구,용답동
중구성동구을선거구,성동구금호1가동
중구성동구을선거구,금호2․3가동
중구성동구을선거구,금호4가동
중구성동구을선거구,옥수동
중구성동구을선거구,중구
용 산 구 선 거 구,용산구
광 진 구 갑 선 거 구,중곡제1동
광 진 구 갑 선 거 구,중곡제2동
광 진 구 갑 선 거 구,중곡제3동
광 진 구 갑 선 거 구,중곡제4동
광 진 구 갑 선 거 구,능동
광 진 구 갑 선 거 구,구의제2동
광 진 구 갑 선 거 구,광장동
광 진 구 갑 선 거 구,군자동
광 진 구 을 선 거 구,구의제1동
광 진 구 을 선 거 구,구의제3동
광 진 구 을 선 거 구,자양제1동
광 진 구 을 선 거 구,자양제2동
광 진 구 을 선 거 구,자양제3동
광 진 구 을 선 거 구,자양제4동
광 진 구 을 선 거 구,화양동
동대문구갑선거구,용신동
동대문구갑선거구,제기동
동대문구갑선거구,청량리동
동대문구갑선거구,회기동
동대문구갑선거구,휘경제1동
동대문구갑선거구,휘경제2동
동대문구갑선거구,이문제1동
동대문구갑선거구,이문제2동
동대문구을선거구,전농제1동
동대문구을선거구,전농제2동
동대문구을선거구,답십리제1동
동대문구을선거구,답십리제2동
동대문구을선거구,장안제1동
동대문구을선거구,장안제2동
중 랑 구 갑 선 거 구,면목본동
중 랑 구 갑 선 거 구,면목제2동
중 랑 구 갑 선 거 구,면목제3․8동
중 랑 구 갑 선 거 구,면목제4동
중 랑 구 갑 선 거 구,면목제5동
중 랑 구 갑 선 거 구,면목제7동
중 랑 구 갑 선 거 구,상봉제2동
중 랑 구 갑 선 거 구,망우제3동
중 랑 구 을 선 거 구,상봉제1동
중 랑 구 을 선 거 구,중화제1동
중 랑 구 을 선 거 구,중화제2동
중 랑 구 을 선 거 구,묵제1동
중 랑 구 을 선 거 구,묵제2동
중 랑 구 을 선 거 구,망우본동
중 랑 구 을 선 거 구,신내제1동
중 랑 구 을 선 거 구,신내제2동
성 북 구 갑 선 거 구,성북동
성 북 구 갑 선 거 구,삼선동
성 북 구 갑 선 거 구,동선동
성 북 구 갑 선 거 구,돈암제2동
성 북 구 갑 선 거 구,안암동
성 북 구 갑 선 거 구,보문동
성 북 구 갑 선 거 구,정릉제1동
성 북 구 갑 선 거 구,정릉제2동
성 북 구 갑 선 거 구,정릉제3동
성 북 구 갑 선 거 구,정릉제4동
성 북 구 갑 선 거 구,길음제1동
성 북 구 을 선 거 구,돈암제1동
성 북 구 을 선 거 구,길음제2동
성 북 구 을 선 거 구,종암동
성 북 구 을 선 거 구,월곡제1동
성 북 구 을 선 거 구,월곡제2동
성 북 구 을 선 거 구,장위제1동
성 북 구 을 선 거 구,장위제2동
성 북 구 을 선 거 구,장위제3동
성 북 구 을 선 거 구,석관동
강 북 구 갑 선 거 구,번1동
강 북 구 갑 선 거 구,번2동
강 북 구 갑 선 거 구,수유1동
강 북 구 갑 선 거 구,수유2동
강 북 구 갑 선 거 구,수유3동
강 북 구 갑 선 거 구,우이동
강 북 구 갑 선 거 구,인수동
강 북 구 을 선 거 구,삼양동
강 북 구 을 선 거 구,미아동
강 북 구 을 선 거 구,송중동
강 북 구 을 선 거 구,송천동
강 북 구 을 선 거 구,삼각산동
강 북 구 을 선 거 구,번3동
도 봉 구 갑 선 거 구,쌍문1동
도 봉 구 갑 선 거 구,쌍문3동
도 봉 구 갑 선 거 구,창1동
도 봉 구 갑 선 거 구,창2동
도 봉 구 갑 선 거 구,창3동
도 봉 구 갑 선 거 구,창4동
도 봉 구 갑 선 거 구,창5동
도 봉 구 을 선 거 구,쌍문2동
도 봉 구 을 선 거 구,쌍문4동
도 봉 구 을 선 거 구,방학1동
도 봉 구 을 선 거 구,방학2동
도 봉 구 을 선 거 구,방학3동
도 봉 구 을 선 거 구,도봉1동
도 봉 구 을 선 거 구,도봉2동
노 원 구 갑 선 거 구,월계1동
노 원 구 갑 선 거 구,월계2동
노 원 구 갑 선 거 구,월계3동
노 원 구 갑 선 거 구,공릉1동
노 원 구 갑 선 거 구,공릉2동
노 원 구 갑 선 거 구,하계1동
노 원 구 갑 선 거 구,하계2동
노 원 구 갑 선 거 구,중계본동
노 원 구 갑 선 거 구,중계2․3동
노 원 구 을 선 거 구,중계1동
노 원 구 을 선 거 구,중계4동
노 원 구 을 선 거 구,상계1동
노 원 구 을 선 거 구,상계2동
노 원 구 을 선 거 구,상계3․4동
노 원 구 을 선 거 구,상계5동
노 원 구 을 선 거 구,상계6․7동
노 원 구 을 선 거 구,상계8동
노 원 구 을 선 거 구,상계9동
노 원 구 을 선 거 구,상계10동
은 평 구 갑 선 거 구,녹번동
은 평 구 갑 선 거 구,응암제1동
은 평 구 갑 선 거 구,응암제2동
은 평 구 갑 선 거 구,응암제3동
은 평 구 갑 선 거 구,역촌동
은 평 구 갑 선 거 구,신사제1동
은 평 구 갑 선 거 구,신사제2동
은 평 구 갑 선 거 구,증산동
은 평 구 갑 선 거 구,수색동
은 평 구 을 선 거 구,불광제1동
은 평 구 을 선 거 구,불광제2동
은 평 구 을 선 거 구,갈현제1동
은 평 구 을 선 거 구,갈현제2동
은 평 구 을 선 거 구,구산동
은 평 구 을 선 거 구,대조동
은 평 구 을 선 거 구,진관동
서대문구갑선거구,충현동
서대문구갑선거구,천연동
서대문구갑선거구,북아현동
서대문구갑선거구,신촌동
서대문구갑선거구,연희동
서대문구갑선거구,홍제제1동
서대문구갑선거구,홍제제2동
서대문구을선거구,홍제제3동
서대문구을선거구,홍은제1동
서대문구을선거구,홍은제2동
서대문구을선거구,남가좌제1동
서대문구을선거구,남가좌제2동
서대문구을선거구,북가좌제1동
서대문구을선거구,북가좌제2동
마 포 구 갑 선 거 구,공덕동
마 포 구 갑 선 거 구,아현동
마 포 구 갑 선 거 구,도화동
마 포 구 갑 선 거 구,용강동
마 포 구 갑 선 거 구,대흥동
마 포 구 갑 선 거 구,염리동
마 포 구 갑 선 거 구,신수동
마 포 구 을 선 거 구,서강동
마 포 구 을 선 거 구,서교동
마 포 구 을 선 거 구,합정동
마 포 구 을 선 거 구,망원1동
마 포 구 을 선 거 구,망원2동
마 포 구 을 선 거 구,연남동
마 포 구 을 선 거 구,성산1동
마 포 구 을 선 거 구,성산2동
마 포 구 을 선 거 구,상암동
양 천 구 갑 선 거 구,목1동
양 천 구 갑 선 거 구,목2동
양 천 구 갑 선 거 구,목3동
양 천 구 갑 선 거 구,목4동
양 천 구 갑 선 거 구,목5동
양 천 구 갑 선 거 구,신정1동
양 천 구 갑 선 거 구,신정2동
양 천 구 갑 선 거 구,신정6동
양 천 구 갑 선 거 구,신정7동
양 천 구 을 선 거 구,신월1동
양 천 구 을 선 거 구,신월2동
양 천 구 을 선 거 구,신월3동
양 천 구 을 선 거 구,신월4동
양 천 구 을 선 거 구,신월5동
양 천 구 을 선 거 구,신월6동
양 천 구 을 선 거 구,신월7동
양 천 구 을 선 거 구,신정3동
양 천 구 을 선 거 구,신정4동
강 서 구 갑 선 거 구,화곡제1동
강 서 구 갑 선 거 구,화곡제2동
강 서 구 갑 선 거 구,화곡제3동
강 서 구 갑 선 거 구,화곡제8동
강 서 구 갑 선 거 구,발산제1동
강 서 구 갑 선 거 구,우장산동
강 서 구 을 선 거 구,등촌제3동
강 서 구 을 선 거 구,가양제1동
강 서 구 을 선 거 구,가양제2동
강 서 구 을 선 거 구,공항동
강 서 구 을 선 거 구,방화제1동
강 서 구 을 선 거 구,방화제2동
강 서 구 을 선 거 구,방화제3동
강 서 구 병 선 거 구,염창동
강 서 구 병 선 거 구,등촌제1동
강 서 구 병 선 거 구,등촌제2동
강 서 구 병 선 거 구,화곡제4동
강 서 구 병 선 거 구,화곡본동
강 서 구 병 선 거 구,화곡제6동
강 서 구 병 선 거 구,가양제3동
구 로 구 갑 선 거 구,고척제1동
구 로 구 갑 선 거 구,고척제2동
구 로 구 갑 선 거 구,개봉제1동
구 로 구 갑 선 거 구,개봉제2동
구 로 구 갑 선 거 구,개봉제3동
구 로 구 갑 선 거 구,오류제1동
구 로 구 갑 선 거 구,오류제2동
구 로 구 갑 선 거 구,수궁동
구 로 구 갑 선 거 구,항동
구 로 구 을 선 거 구,신도림동
구 로 구 을 선 거 구,구로제1동
구 로 구 을 선 거 구,구로제2동
구 로 구 을 선 거 구,구로제3동
구 로 구 을 선 거 구,구로제4동
구 로 구 을 선 거 구,구로제5동
구 로 구 을 선 거 구,가리봉동
금 천 구 선 거 구,금천구
영등포구갑선거구,영등포본동
영등포구갑선거구,영등포동
영등포구갑선거구,당산제1동
영등포구갑선거구,당산제2동
영등포구갑선거구,도림동
영등포구갑선거구,문래동
영등포구갑선거구,양평제1동
영등포구갑선거구,양평제2동
영등포구갑선거구,신길제3동
영등포구을선거구,여의동
영등포구을선거구,신길제1동
영등포구을선거구,신길제4동
영등포구을선거구,신길제5동
영등포구을선거구,신길제6동
영등포구을선거구,신길제7동
영등포구을선거구,대림제1동
영등포구을선거구,대림제2동
영등포구을선거구,대림제3동
동 작 구 갑 선 거 구,노량진제1동
동 작 구 갑 선 거 구,노량진제2동
동 작 구 갑 선 거 구,상도제2동
동 작 구 갑 선 거 구,상도제3동
동 작 구 갑 선 거 구,상도제4동
동 작 구 갑 선 거 구,대방동
동 작 구 갑 선 거 구,신대방제1동
동 작 구 갑 선 거 구,신대방제2동
동 작 구 을 선 거 구,상도제1동
동 작 구 을 선 거 구,흑석동
동 작 구 을 선 거 구,사당제1동
동 작 구 을 선 거 구,사당제2동
동 작 구 을 선 거 구,사당제3동
동 작 구 을 선 거 구,사당제4동
동 작 구 을 선 거 구,사당제5동
관 악 구 갑 선 거 구,보라매동
관 악 구 갑 선 거 구,은천동
관 악 구 갑 선 거 구,성현동
관 악 구 갑 선 거 구,중앙동
관 악 구 갑 선 거 구,청림동
관 악 구 갑 선 거 구,행운동
관 악 구 갑 선 거 구,청룡동
관 악 구 갑 선 거 구,낙성대동
관 악 구 갑 선 거 구,인헌동
관 악 구 갑 선 거 구,남현동
관 악 구 갑 선 거 구,신림동
관 악 구 을 선 거 구,신사동
관 악 구 을 선 거 구,조원동
관 악 구 을 선 거 구,미성동
관 악 구 을 선 거 구,난곡동
관 악 구 을 선 거 구,난향동
관 악 구 을 선 거 구,서원동
관 악 구 을 선 거 구,신원동
관 악 구 을 선 거 구,서림동
관 악 구 을 선 거 구,삼성동
관 악 구 을 선 거 구,대학동
서 초 구 갑 선 거 구,잠원동
서 초 구 갑 선 거 구,반포본동
서 초 구 갑 선 거 구,반포1동
서 초 구 갑 선 거 구,반포2동
서 초 구 갑 선 거 구,반포3동
서 초 구 갑 선 거 구,반포4동
서 초 구 갑 선 거 구,방배본동
서 초 구 갑 선 거 구,방배1동
서 초 구 갑 선 거 구,방배4동
서 초 구 을 선 거 구,서초1동
서 초 구 을 선 거 구,서초2동
서 초 구 을 선 거 구,서초3동
서 초 구 을 선 거 구,서초4동
서 초 구 을 선 거 구,방배2동
서 초 구 을 선 거 구,방배3동
서 초 구 을 선 거 구,양재1동
서 초 구 을 선 거 구,양재2동
서 초 구 을 선 거 구,내곡동
강 남 구 갑 선 거 구,신사동
강 남 구 갑 선 거 구,논현1동
강 남 구 갑 선 거 구,논현2동
강 남 구 갑 선 거 구,압구정동
강 남 구 갑 선 거 구,청담동
강 남 구 갑 선 거 구,역삼1동
강 남 구 갑 선 거 구,역삼2동
강 남 구 을 선 거 구,개포1동
강 남 구 을 선 거 구,개포2동
강 남 구 을 선 거 구,개포3동
강 남 구 을 선 거 구,개포4동
강 남 구 을 선 거 구,세곡동
강 남 구 을 선 거 구,본동
강 남 구 을 선 거 구,1동
강 남 구 을 선 거 구,수서동
강 남 구 병 선 거 구,삼성1동
강 남 구 병 선 거 구,삼성2동
강 남 구 병 선 거 구,대치1동
강 남 구 병 선 거 구,대치2동
강 남 구 병 선 거 구,대치4동
강 남 구 병 선 거 구,도곡1동
강 남 구 병 선 거 구,도곡2동
송 파 구 갑 선 거 구,풍납1동
송 파 구 갑 선 거 구,풍납2동
송 파 구 갑 선 거 구,방이1동
송 파 구 갑 선 거 구,방이2동
송 파 구 갑 선 거 구,오륜동
송 파 구 갑 선 거 구,송파1동
송 파 구 갑 선 거 구,송파2동
송 파 구 갑 선 거 구,잠실4동
송 파 구 갑 선 거 구,잠실6동
송 파 구 을 선 거 구,석촌동
송 파 구 을 선 거 구,삼전동
송 파 구 을 선 거 구,가락1동
송 파 구 을 선 거 구,문정2동
송 파 구 을 선 거 구,잠실본동
송 파 구 을 선 거 구,잠실2동
송 파 구 을 선 거 구,잠실3동
송 파 구 을 선 거 구,잠실7동
송 파 구 병 선 거 구,거여1동
송 파 구 병 선 거 구,거여2동
송 파 구 병 선 거 구,마천1동
송 파 구 병 선 거 구,마천2동
송 파 구 병 선 거 구,오금동
송 파 구 병 선 거 구,가락본동
송 파 구 병 선 거 구,가락2동
송 파 구 병 선 거 구,문정1동
송 파 구 병 선 거 구,장지동
송 파 구 병 선 거 구,위례동
강 동 구 갑 선 거 구,강일동
강 동 구 갑 선 거 구,상일제1동
강 동 구 갑 선 거 구,상일제2동
강 동 구 갑 선 거 구,명일제1동
강 동 구 갑 선 거 구,명일제2동
강 동 구 갑 선 거 구,고덕제1동
강 동 구 갑 선 거 구,고덕제2동
강 동 구 갑 선 거 구,암사제1동
강 동 구 갑 선 거 구,암사제2동
강 동 구 갑 선 거 구,암사제3동
강 동 구 을 선 거 구,천호제1동
강 동 구 을 선 거 구,천호제2동
강 동 구 을 선 거 구,천호제3동
강 동 구 을 선 거 구,성내제1동
강 동 구 을 선 거 구,성내제2동
강 동 구 을 선 거 구,성내제3동
강 동 구 을 선 거 구,길동
강 동 구 을 선 거 구,둔촌제1동
강 동 구 을 선 거 구,둔촌제2동
부산광역시(지역구 : 18),
중구영도구선거구,중구
중구영도구선거구,영도구
서 구 동 구 선 거 구,서구
서 구 동 구 선 거 구,동구
부산진구갑선거구,부전제1동
부산진구갑선거구,연지동
부산진구갑선거구,초읍동
부산진구갑선거구,양정제1동
부산진구갑선거구,양정제2동
부산진구갑선거구,부암제1동
부산진구갑선거구,부암제3동
부산진구갑선거구,당감제1동
부산진구갑선거구,당감제2동
부산진구갑선거구,당감제4동
부산진구을선거구,부전제2동
부산진구을선거구,전포제1동
부산진구을선거구,전포제2동
부산진구을선거구,가야제1동
부산진구을선거구,가야제2동
부산진구을선거구,개금제1동
부산진구을선거구,개금제2동
부산진구을선거구,개금제3동
부산진구을선거구,범천제1동
부산진구을선거구,범천제2동
동 래 구 선 거 구,동래구
남 구 선 거 구,남구
북 구 갑 선 거 구,구포제1동
북 구 갑 선 거 구,구포제2동
북 구 갑 선 거 구,구포제3동
북 구 갑 선 거 구,덕천제1동
북 구 갑 선 거 구,덕천제2동
북 구 갑 선 거 구,덕천제3동
북 구 갑 선 거 구,만덕제2동
북 구 갑 선 거 구,만덕제3동
북 구 을 선 거 구,금곡동
북 구 을 선 거 구,화명제1동
북 구 을 선 거 구,화명제2동
북 구 을 선 거 구,화명제3동
북 구 을 선 거 구,만덕제1동
해운대구갑선거구,우제1동
해운대구갑선거구,우제2동
해운대구갑선거구,우제3동
해운대구갑선거구,중제1동
해운대구갑선거구,중제2동
해운대구갑선거구,좌제1동
해운대구갑선거구,좌제2동
해운대구갑선거구,좌제3동
해운대구갑선거구,좌제4동
해운대구갑선거구,송정동
해운대구을선거구,반여제1동
해운대구을선거구,반여제2동
해운대구을선거구,반여제3동
해운대구을선거구,반여제4동
해운대구을선거구,반송제1동
해운대구을선거구,반송제2동
해운대구을선거구,재송제1동
해운대구을선거구,재송제2동
사 하 구 갑 선 거 구,괴정제1동
사 하 구 갑 선 거 구,괴정제2동
사 하 구 갑 선 거 구,괴정제3동
사 하 구 갑 선 거 구,괴정제4동
사 하 구 갑 선 거 구,당리동
사 하 구 갑 선 거 구,하단제1동
사 하 구 갑 선 거 구,하단제2동
사 하 구 갑 선 거 구,신평제2동
사 하 구 을 선 거 구,신평제1동
사 하 구 을 선 거 구,장림제1동
사 하 구 을 선 거 구,장림제2동
사 하 구 을 선 거 구,다대제1동
사 하 구 을 선 거 구,다대제2동
사 하 구 을 선 거 구,구평동
사 하 구 을 선 거 구,감천제1동
사 하 구 을 선 거 구,감천제2동
금 정 구 선 거 구,금정구
강 서 구 선 거 구,강서구
연 제 구 선 거 구,연제구
수 영 구 선 거 구,수영구
사 상 구 선 거 구,사상구
기 장 군 선 거 구,기장군
대구광역시(지역구 : 12),
중 구 남 구 선 거 구,중구
중 구 남 구 선 거 구,남구
동구군위군갑선거구,동구신암1동
동구군위군갑선거구,신암2동
동구군위군갑선거구,신암3동
동구군위군갑선거구,신암4동
동구군위군갑선거구,신암5동
동구군위군갑선거구,신천1․2동
동구군위군갑선거구,신천3동
동구군위군갑선거구,신천4동
동구군위군갑선거구,효목1동
동구군위군갑선거구,효목2동
동구군위군갑선거구,지저동
동구군위군갑선거구,동촌동
동구군위군갑선거구,방촌동
동구군위군을선거구,동구도평동
동구군위군을선거구,불로․봉무동
동구군위군을선거구,해안동
동구군위군을선거구,안심1동
동구군위군을선거구,안심2동
동구군위군을선거구,안심3동
동구군위군을선거구,안심4동
동구군위군을선거구,혁신동
동구군위군을선거구,공산동
동구군위군을선거구,군위군
서 구 선 거 구,서구
북 구 갑 선 거 구,고성동
북 구 갑 선 거 구,칠성동
북 구 갑 선 거 구,침산1동
북 구 갑 선 거 구,침산2동
북 구 갑 선 거 구,침산3동
북 구 갑 선 거 구,산격1동
북 구 갑 선 거 구,산격2동
북 구 갑 선 거 구,산격3동
북 구 갑 선 거 구,산격4동
북 구 갑 선 거 구,대현동
북 구 갑 선 거 구,복현1동
북 구 갑 선 거 구,복현2동
북 구 갑 선 거 구,검단동
북 구 갑 선 거 구,노원동
북 구 을 선 거 구,무태조야동
북 구 을 선 거 구,관문동
북 구 을 선 거 구,태전1동
북 구 을 선 거 구,태전2동
북 구 을 선 거 구,구암동
북 구 을 선 거 구,관음동
북 구 을 선 거 구,읍내동
북 구 을 선 거 구,동천동
북 구 을 선 거 구,국우동
수 성 구 갑 선 거 구,범어1동
수 성 구 갑 선 거 구,범어2동
수 성 구 갑 선 거 구,범어3동
수 성 구 갑 선 거 구,범어4동
수 성 구 갑 선 거 구,만촌1동
수 성 구 갑 선 거 구,만촌2동
수 성 구 갑 선 거 구,만촌3동
수 성 구 갑 선 거 구,황금1동
수 성 구 갑 선 거 구,황금2동
수 성 구 갑 선 거 구,고산1동
수 성 구 갑 선 거 구,고산2동
수 성 구 갑 선 거 구,고산3동
수 성 구 을 선 거 구,수성1가동
수 성 구 을 선 거 구,수성2․3가동
수 성 구 을 선 거 구,수성4가동
수 성 구 을 선 거 구,중동
수 성 구 을 선 거 구,상동
수 성 구 을 선 거 구,파동
수 성 구 을 선 거 구,두산동
수 성 구 을 선 거 구,지산1동
수 성 구 을 선 거 구,지산2동
수 성 구 을 선 거 구,범물1동
수 성 구 을 선 거 구,범물2동
달 서 구 갑 선 거 구,죽전동
달 서 구 갑 선 거 구,장기동
달 서 구 갑 선 거 구,용산1동
달 서 구 갑 선 거 구,용산2동
달 서 구 갑 선 거 구,이곡1동
달 서 구 갑 선 거 구,이곡2동
달 서 구 갑 선 거 구,신당동
달 서 구 을 선 거 구,월성1동
달 서 구 을 선 거 구,월성2동
달 서 구 을 선 거 구,진천동
달 서 구 을 선 거 구,유천동
달 서 구 을 선 거 구,상인1동
달 서 구 을 선 거 구,상인2동
달 서 구 을 선 거 구,상인3동
달 서 구 을 선 거 구,도원동
달 서 구 병 선 거 구,성당동
달 서 구 병 선 거 구,두류1․2동
달 서 구 병 선 거 구,두류3동
달 서 구 병 선 거 구,본리동
달 서 구 병 선 거 구,감삼동
달 서 구 병 선 거 구,송현1동
달 서 구 병 선 거 구,송현2동
달 서 구 병 선 거 구,본동
달 성 군 선 거 구,달성군
인천광역시(지역구 : 14),
"중구강화군옹진군
선 거 구",중구
"중구강화군옹진군
선 거 구",강화군
"중구강화군옹진군
선 거 구",옹진군
"동 구 미 추 홀 구 갑
선 거 구",미추홀구도화1동
"동 구 미 추 홀 구 갑
선 거 구",도화2․3동
"동 구 미 추 홀 구 갑
선 거 구",주안1동
"동 구 미 추 홀 구 갑
선 거 구",주안2동
"동 구 미 추 홀 구 갑
선 거 구",주안3동
"동 구 미 추 홀 구 갑
선 거 구",주안4동
"동 구 미 추 홀 구 갑
선 거 구",주안5동
"동 구 미 추 홀 구 갑
선 거 구",주안6동
"동 구 미 추 홀 구 갑
선 거 구",주안7동
"동 구 미 추 홀 구 갑
선 거 구",주안8동
"동 구 미 추 홀 구 갑
선 거 구",동구
"동 구 미 추 홀 구 을
선 거 구",미추홀구숭의1․3동
"동 구 미 추 홀 구 을
선 거 구",숭의2동
"동 구 미 추 홀 구 을
선 거 구",숭의4동
"동 구 미 추 홀 구 을
선 거 구",용현1․4동
"동 구 미 추 홀 구 을
선 거 구",용현2동
"동 구 미 추 홀 구 을
선 거 구",용현3동
"동 구 미 추 홀 구 을
선 거 구",용현5동
"동 구 미 추 홀 구 을
선 거 구",학익1동
"동 구 미 추 홀 구 을
선 거 구",학익2동
"동 구 미 추 홀 구 을
선 거 구",관교동
"동 구 미 추 홀 구 을
선 거 구",문학동
연 수 구 갑 선 거 구,옥련1동
연 수 구 갑 선 거 구,옥련2동
연 수 구 갑 선 거 구,선학동
연 수 구 갑 선 거 구,연수1동
연 수 구 갑 선 거 구,연수2동
연 수 구 갑 선 거 구,연수3동
연 수 구 갑 선 거 구,청학동
연 수 구 갑 선 거 구,동춘1동
연 수 구 갑 선 거 구,동춘2동
연 수 구 갑 선 거 구,동춘3동
연 수 구 을 선 거 구,송도1동
연 수 구 을 선 거 구,송도2동
연 수 구 을 선 거 구,송도3동
연 수 구 을 선 거 구,송도4동
연 수 구 을 선 거 구,송도5동
남 동 구 갑 선 거 구,구월1동
남 동 구 갑 선 거 구,구월3동
남 동 구 갑 선 거 구,구월4동
남 동 구 갑 선 거 구,간석1동
남 동 구 갑 선 거 구,간석4동
남 동 구 갑 선 거 구,남촌도림동
남 동 구 갑 선 거 구,논현1동
남 동 구 갑 선 거 구,논현2동
남 동 구 갑 선 거 구,논현고잔동
남 동 구 을 선 거 구,구월2동
남 동 구 을 선 거 구,간석2동
남 동 구 을 선 거 구,간석3동
남 동 구 을 선 거 구,만수1동
남 동 구 을 선 거 구,만수2동
남 동 구 을 선 거 구,만수3동
남 동 구 을 선 거 구,만수4동
남 동 구 을 선 거 구,만수5동
남 동 구 을 선 거 구,만수6동
남 동 구 을 선 거 구,장수서창동
남 동 구 을 선 거 구,서창2동
부 평 구 갑 선 거 구,부평1동
부 평 구 갑 선 거 구,부평2동
부 평 구 갑 선 거 구,부평3동
부 평 구 갑 선 거 구,부평4동
부 평 구 갑 선 거 구,부평5동
부 평 구 갑 선 거 구,부평6동
부 평 구 갑 선 거 구,산곡3동
부 평 구 갑 선 거 구,산곡4동
부 평 구 갑 선 거 구,부개1동
부 평 구 갑 선 거 구,일신동
부 평 구 갑 선 거 구,십정1동
부 평 구 갑 선 거 구,십정2동
부 평 구 을 선 거 구,산곡1동
부 평 구 을 선 거 구,산곡2동
부 평 구 을 선 거 구,청천1동
부 평 구 을 선 거 구,청천2동
부 평 구 을 선 거 구,갈산1동
부 평 구 을 선 거 구,갈산2동
부 평 구 을 선 거 구,삼산1동
부 평 구 을 선 거 구,삼산2동
부 평 구 을 선 거 구,부개2동
부 평 구 을 선 거 구,부개3동
계 양 구 갑 선 거 구,효성1동
계 양 구 갑 선 거 구,효성2동
계 양 구 갑 선 거 구,계산1동
계 양 구 갑 선 거 구,계산3동
계 양 구 갑 선 거 구,작전1동
계 양 구 갑 선 거 구,작전2동
계 양 구 을 선 거 구,계산2동
계 양 구 을 선 거 구,계산4동
계 양 구 을 선 거 구,작전서운동
계 양 구 을 선 거 구,계양1동
계 양 구 을 선 거 구,계양2동
계 양 구 을 선 거 구,계양3동
서 구 갑 선 거 구,가정1동
서 구 갑 선 거 구,가정2동
서 구 갑 선 거 구,가정3동
서 구 갑 선 거 구,신현원창동
서 구 갑 선 거 구,석남1동
서 구 갑 선 거 구,석남2동
서 구 갑 선 거 구,석남3동
서 구 갑 선 거 구,가좌1동
서 구 갑 선 거 구,가좌2동
서 구 갑 선 거 구,가좌3동
서 구 갑 선 거 구,가좌4동
서 구 을 선 거 구,검암경서동
서 구 을 선 거 구,연희동
서 구 을 선 거 구,청라1동
서 구 을 선 거 구,청라2동
서 구 을 선 거 구,청라3동
서 구 병 선 거 구,검단동
서 구 병 선 거 구,불로대곡동
서 구 병 선 거 구,원당동
서 구 병 선 거 구,당하동
서 구 병 선 거 구,오류왕길동
서 구 병 선 거 구,마전동
서 구 병 선 거 구,아라동
광주광역시(지역구 : 8),
동구남구갑선거구,남구봉선1동
동구남구갑선거구,봉선2동
동구남구갑선거구,월산동
동구남구갑선거구,월산4동
동구남구갑선거구,월산5동
동구남구갑선거구,주월1동
동구남구갑선거구,주월2동
동구남구갑선거구,진월동
동구남구갑선거구,효덕동
동구남구갑선거구,송암동
동구남구갑선거구,대촌동
동구남구을선거구,남구양림동
동구남구을선거구,방림1동
동구남구을선거구,방림2동
동구남구을선거구,사직동
동구남구을선거구,백운1동
동구남구을선거구,백운2동
동구남구을선거구,동구
서 구 갑 선 거 구,양동
서 구 갑 선 거 구,양3동
서 구 갑 선 거 구,농성1동
서 구 갑 선 거 구,농성2동
서 구 갑 선 거 구,광천동
서 구 갑 선 거 구,유덕동
서 구 갑 선 거 구,치평동
서 구 갑 선 거 구,상무1동
서 구 갑 선 거 구,화정1동
서 구 갑 선 거 구,화정2동
서 구 갑 선 거 구,동천동
서 구 을 선 거 구,화정3동
서 구 을 선 거 구,화정4동
서 구 을 선 거 구,서창동
서 구 을 선 거 구,금호1동
서 구 을 선 거 구,금호2동
서 구 을 선 거 구,풍암동
서 구 을 선 거 구,상무2동
북 구 갑 선 거 구,중흥1동
북 구 갑 선 거 구,중흥동
북 구 갑 선 거 구,중앙동
북 구 갑 선 거 구,임동
북 구 갑 선 거 구,신안동
북 구 갑 선 거 구,우산동
북 구 갑 선 거 구,풍향동
북 구 갑 선 거 구,문화동
북 구 갑 선 거 구,문흥1동
북 구 갑 선 거 구,문흥2동
북 구 갑 선 거 구,두암1동
북 구 갑 선 거 구,두암2동
북 구 갑 선 거 구,두암3동
북 구 갑 선 거 구,오치1동
북 구 갑 선 거 구,오치2동
북 구 갑 선 거 구,석곡동
북 구 을 선 거 구,용봉동
북 구 을 선 거 구,운암1동
북 구 을 선 거 구,운암2동
북 구 을 선 거 구,운암3동
북 구 을 선 거 구,동림동
북 구 을 선 거 구,삼각동
북 구 을 선 거 구,일곡동
북 구 을 선 거 구,매곡동
북 구 을 선 거 구,건국동
북 구 을 선 거 구,양산동
북 구 을 선 거 구,신용동
광 산 구 갑 선 거 구,송정1동
광 산 구 갑 선 거 구,송정2동
광 산 구 갑 선 거 구,도산동
광 산 구 갑 선 거 구,신흥동
광 산 구 갑 선 거 구,어룡동
광 산 구 갑 선 거 구,우산동
광 산 구 갑 선 거 구,월곡1동
광 산 구 갑 선 거 구,월곡2동
광 산 구 갑 선 거 구,운남동
광 산 구 갑 선 거 구,동곡동
광 산 구 갑 선 거 구,평동
광 산 구 갑 선 거 구,삼도동
광 산 구 갑 선 거 구,본량동
광 산 구 을 선 거 구,비아동
광 산 구 을 선 거 구,첨단1동
광 산 구 을 선 거 구,첨단2동
광 산 구 을 선 거 구,신가동
광 산 구 을 선 거 구,신창동
광 산 구 을 선 거 구,수완동
광 산 구 을 선 거 구,하남동
광 산 구 을 선 거 구,임곡동
대전광역시(지역구 : 7),
동 구 선 거 구,동구
중 구 선 거 구,중구
서 구 갑 선 거 구,복수동
서 구 갑 선 거 구,도마1동
서 구 갑 선 거 구,도마2동
서 구 갑 선 거 구,정림동
서 구 갑 선 거 구,변동
서 구 갑 선 거 구,괴정동
서 구 갑 선 거 구,가장동
서 구 갑 선 거 구,내동
서 구 갑 선 거 구,가수원동
서 구 갑 선 거 구,도안동
서 구 갑 선 거 구,관저1동
서 구 갑 선 거 구,관저2동
서 구 갑 선 거 구,기성동
서 구 을 선 거 구,용문동
서 구 을 선 거 구,탄방동
서 구 을 선 거 구,둔산1동
서 구 을 선 거 구,둔산2동
서 구 을 선 거 구,둔산3동
서 구 을 선 거 구,갈마1동
서 구 을 선 거 구,갈마2동
서 구 을 선 거 구,월평1동
서 구 을 선 거 구,월평2동
서 구 을 선 거 구,월평3동
서 구 을 선 거 구,만년동
유 성 구 갑 선 거 구,진잠동
유 성 구 갑 선 거 구,학하동
유 성 구 갑 선 거 구,온천1동
유 성 구 갑 선 거 구,온천2동
유 성 구 갑 선 거 구,노은1동
유 성 구 갑 선 거 구,원신흥동
유 성 구 갑 선 거 구,상대동
유 성 구 을 선 거 구,노은2동
유 성 구 을 선 거 구,노은3동
유 성 구 을 선 거 구,신성동
유 성 구 을 선 거 구,전민동
유 성 구 을 선 거 구,구즉동
유 성 구 을 선 거 구,관평동
대 덕 구 선 거 구,대덕구
울산광역시(지역구 : 6),
중 구 선 거 구,중구
남 구 갑 선 거 구,신정1동
남 구 갑 선 거 구,신정2동
남 구 갑 선 거 구,신정3동
남 구 갑 선 거 구,신정4동
남 구 갑 선 거 구,신정5동
남 구 갑 선 거 구,삼호동
남 구 갑 선 거 구,무거동
남 구 갑 선 거 구,옥동
남 구 을 선 거 구,달동
남 구 을 선 거 구,삼산동
남 구 을 선 거 구,야음장생포동
남 구 을 선 거 구,대현동
남 구 을 선 거 구,수암동
남 구 을 선 거 구,선암동
동 구 선 거 구,동구
북 구 선 거 구,북구
울 주 군 선 거 구,울주군
세종특별자치시(지역구 : 2),
"세종특별자치시갑
선 거 구",부강면
"세종특별자치시갑
선 거 구",금남면
"세종특별자치시갑
선 거 구",장군면
"세종특별자치시갑
선 거 구",한솔동
"세종특별자치시갑
선 거 구",새롬동
"세종특별자치시갑
선 거 구",나성동
"세종특별자치시갑
선 거 구",다정동
"세종특별자치시갑
선 거 구",도담동
"세종특별자치시갑
선 거 구",어진동
"세종특별자치시갑
선 거 구",소담동
"세종특별자치시갑
선 거 구",반곡동
"세종특별자치시갑
선 거 구",보람동
"세종특별자치시갑
선 거 구",대평동
"세종특별자치시을
선 거 구",조치원읍
"세종특별자치시을
선 거 구",연기면
"세종특별자치시을
선 거 구",연동면
"세종특별자치시을
선 거 구",연서면
"세종특별자치시을
선 거 구",전의면
"세종특별자치시을
선 거 구",전동면
"세종특별자치시을
선 거 구",소정면
"세종특별자치시을
선 거 구",해밀동
"세종특별자치시을
선 거 구",아름동
"세종특별자치시을
선 거 구",종촌동
"세종특별자치시을
선 거 구",고운동
경기도(지역구 : 60),
수 원 시 갑 선 거 구,수원시장안구파장동
수 원 시 갑 선 거 구,정자1동
수 원 시 갑 선 거 구,정자2동
수 원 시 갑 선 거 구,정자3동
수 원 시 갑 선 거 구,영화동
수 원 시 갑 선 거 구,송죽동
수 원 시 갑 선 거 구,조원1동
수 원 시 갑 선 거 구,조원2동
수 원 시 갑 선 거 구,연무동
수 원 시 을 선 거 구,수원시장안구율천동
수 원 시 을 선 거 구,수원시권선구평동
수 원 시 을 선 거 구,서둔동
수 원 시 을 선 거 구,구운동
수 원 시 을 선 거 구,금곡동
수 원 시 을 선 거 구,호매실동
수 원 시 을 선 거 구,입북동
수 원 시 병 선 거 구,수원시권선구세류1동
수 원 시 병 선 거 구,수원시팔달구
수 원 시 정 선 거 구,수원시영통구매탄1동
수 원 시 정 선 거 구,매탄2동
수 원 시 정 선 거 구,매탄3동
수 원 시 정 선 거 구,매탄4동
수 원 시 정 선 거 구,원천동
수 원 시 정 선 거 구,광교1동
수 원 시 정 선 거 구,광교2동
수 원 시 정 선 거 구,영통1동
수 원 시 무 선 거 구,수원시권선구세류2동
수 원 시 무 선 거 구,세류3동
수 원 시 무 선 거 구,권선1동
수 원 시 무 선 거 구,권선2동
수 원 시 무 선 거 구,곡선동
수 원 시 무 선 거 구,수원시영통구영통2동
수 원 시 무 선 거 구,영통3동
수 원 시 무 선 거 구,망포1동
수 원 시 무 선 거 구,망포2동
성남시수정구선거구,성남시수정구
성남시중원구선거구,성남시중원구
"성 남 시 분 당 구 갑
선 거 구",성남시분당구서현1동
"성 남 시 분 당 구 갑
선 거 구",서현2동
"성 남 시 분 당 구 갑
선 거 구",이매1동
"성 남 시 분 당 구 갑
선 거 구",이매2동
"성 남 시 분 당 구 갑
선 거 구",야탑1동
"성 남 시 분 당 구 갑
선 거 구",야탑2동
"성 남 시 분 당 구 갑
선 거 구",야탑3동
"성 남 시 분 당 구 갑
선 거 구",판교동
"성 남 시 분 당 구 갑
선 거 구",삼평동
"성 남 시 분 당 구 갑
선 거 구",백현동
"성 남 시 분 당 구 갑
선 거 구",운중동
"성 남 시 분 당 구 을
선 거 구",성남시분당구분당동
"성 남 시 분 당 구 을
선 거 구",수내1동
"성 남 시 분 당 구 을
선 거 구",수내2동
"성 남 시 분 당 구 을
선 거 구",수내3동
"성 남 시 분 당 구 을
선 거 구",정자동
"성 남 시 분 당 구 을
선 거 구",정자1동
"성 남 시 분 당 구 을
선 거 구",정자2동
"성 남 시 분 당 구 을
선 거 구",정자3동
"성 남 시 분 당 구 을
선 거 구",금곡동
"성 남 시 분 당 구 을
선 거 구",구미1동
"성 남 시 분 당 구 을
선 거 구",구미동
의정부시갑선거구,의정부1동
의정부시갑선거구,의정부2동
의정부시갑선거구,호원1동
의정부시갑선거구,호원2동
의정부시갑선거구,가능동
의정부시갑선거구,흥선동
의정부시갑선거구,녹양동
의정부시을선거구,장암동
의정부시을선거구,신곡1동
의정부시을선거구,신곡2동
의정부시을선거구,송산1동
의정부시을선거구,송산2동
의정부시을선거구,송산3동
의정부시을선거구,자금동
안양시만안구선거구,안양시만안구
"안 양 시 동 안 구 갑
선 거 구",안양시동안구비산1동
"안 양 시 동 안 구 갑
선 거 구",비산2동
"안 양 시 동 안 구 갑
선 거 구",비산3동
"안 양 시 동 안 구 갑
선 거 구",부흥동
"안 양 시 동 안 구 갑
선 거 구",달안동
"안 양 시 동 안 구 갑
선 거 구",관양동
"안 양 시 동 안 구 갑
선 거 구",인덕원동
"안 양 시 동 안 구 갑
선 거 구",부림동
"안 양 시 동 안 구 을
선 거 구",안양시동안구평촌동
"안 양 시 동 안 구 을
선 거 구",평안동
"안 양 시 동 안 구 을
선 거 구",귀인동
"안 양 시 동 안 구 을
선 거 구",호계1동
"안 양 시 동 안 구 을
선 거 구",호계2동
"안 양 시 동 안 구 을
선 거 구",호계3동
"안 양 시 동 안 구 을
선 거 구",범계동
"안 양 시 동 안 구 을
선 거 구",신촌동
"안 양 시 동 안 구 을
선 거 구",갈산동
부 천 시 갑 선 거 구,부천시원미구심곡1동
부 천 시 갑 선 거 구,심곡2동
부 천 시 갑 선 거 구,심곡3동
부 천 시 갑 선 거 구,원미1동
부 천 시 갑 선 거 구,원미2동
부 천 시 갑 선 거 구,춘의동
부 천 시 갑 선 거 구,도당동
부 천 시 갑 선 거 구,부천시오정구
부 천 시 을 선 거 구,부천시원미구약대동
부 천 시 을 선 거 구,중동
부 천 시 을 선 거 구,중1동
부 천 시 을 선 거 구,중2동
부 천 시 을 선 거 구,중3동
부 천 시 을 선 거 구,중4동
부 천 시 을 선 거 구,상동
부 천 시 을 선 거 구,상1동
부 천 시 을 선 거 구,상2동
부 천 시 을 선 거 구,상3동
부 천 시 병 선 거 구,부천시원미구소사동
부 천 시 병 선 거 구,역곡1동
부 천 시 병 선 거 구,역곡2동
부 천 시 병 선 거 구,부천시소사구
광 명 시 갑 선 거 구,광명1동
광 명 시 갑 선 거 구,광명2동
광 명 시 갑 선 거 구,광명3동
광 명 시 갑 선 거 구,광명4동
광 명 시 갑 선 거 구,광명5동
광 명 시 갑 선 거 구,광명6동
광 명 시 갑 선 거 구,광명7동
광 명 시 갑 선 거 구,철산1동
광 명 시 갑 선 거 구,철산2동
광 명 시 갑 선 거 구,철산3동
광 명 시 갑 선 거 구,철산4동
광 명 시 갑 선 거 구,학온동
광 명 시 을 선 거 구,하안1동
광 명 시 을 선 거 구,하안2동
광 명 시 을 선 거 구,하안3동
광 명 시 을 선 거 구,하안4동
광 명 시 을 선 거 구,소하1동
광 명 시 을 선 거 구,소하2동
광 명 시 을 선 거 구,일직동
평 택 시 갑 선 거 구,진위면
평 택 시 갑 선 거 구,서탄면
평 택 시 갑 선 거 구,중앙동
평 택 시 갑 선 거 구,서정동
평 택 시 갑 선 거 구,송탄동
평 택 시 갑 선 거 구,지산동
평 택 시 갑 선 거 구,송북동
평 택 시 갑 선 거 구,신장1동
평 택 시 갑 선 거 구,신장2동
평 택 시 갑 선 거 구,통복동
평 택 시 갑 선 거 구,세교동
평 택 시 을 선 거 구,팽성읍
평 택 시 을 선 거 구,안중읍
평 택 시 을 선 거 구,포승읍
평 택 시 을 선 거 구,청북읍
평 택 시 을 선 거 구,고덕면
평 택 시 을 선 거 구,오성면
평 택 시 을 선 거 구,현덕면
평 택 시 을 선 거 구,고덕동
평 택 시 병 선 거 구,신평동
평 택 시 병 선 거 구,원평동
평 택 시 병 선 거 구,비전1동
평 택 시 병 선 거 구,비전2동
평 택 시 병 선 거 구,용이동
평 택 시 병 선 거 구,동삭동
"동 두 천 시 양 주 시
연 천 군 갑 선 거 구",양주시백석읍
"동 두 천 시 양 주 시
연 천 군 갑 선 거 구",광적면
"동 두 천 시 양 주 시
연 천 군 갑 선 거 구",장흥면
"동 두 천 시 양 주 시
연 천 군 갑 선 거 구",양주1동
"동 두 천 시 양 주 시
연 천 군 갑 선 거 구",양주2동
"동 두 천 시 양 주 시
연 천 군 갑 선 거 구",회천1동
"동 두 천 시 양 주 시
연 천 군 갑 선 거 구",회천2동
"동 두 천 시 양 주 시
연 천 군 갑 선 거 구",회천3동
"동 두 천 시 양 주 시
연 천 군 갑 선 거 구",옥정1동
"동 두 천 시 양 주 시
연 천 군 갑 선 거 구",옥정2동
"동 두 천 시 양 주 시
연 천 군 을 선 거 구",양주시은현면
"동 두 천 시 양 주 시
연 천 군 을 선 거 구",남면
"동 두 천 시 양 주 시
연 천 군 을 선 거 구",동두천시
"동 두 천 시 양 주 시
연 천 군 을 선 거 구",연천군
안 산 시 갑 선 거 구,안산시상록구사동
안 산 시 갑 선 거 구,사이동
안 산 시 갑 선 거 구,해양동
안 산 시 갑 선 거 구,본오1동
안 산 시 갑 선 거 구,본오2동
안 산 시 갑 선 거 구,본오3동
안 산 시 갑 선 거 구,반월동
안 산 시 을 선 거 구,안산시상록구일동
안 산 시 을 선 거 구,이동
안 산 시 을 선 거 구,부곡동
안 산 시 을 선 거 구,월피동
안 산 시 을 선 거 구,성포동
안 산 시 을 선 거 구,안산동
안 산 시 을 선 거 구,안산시단원구고잔동
안 산 시 을 선 거 구,중앙동
안 산 시 을 선 거 구,호수동
안 산 시 병 선 거 구,안산시단원구와동
안 산 시 병 선 거 구,원곡동
안 산 시 병 선 거 구,백운동
안 산 시 병 선 거 구,신길동
안 산 시 병 선 거 구,초지동
안 산 시 병 선 거 구,선부1동
안 산 시 병 선 거 구,선부2동
안 산 시 병 선 거 구,선부3동
안 산 시 병 선 거 구,대부동
고 양 시 갑 선 거 구,고양시덕양구주교동
고 양 시 갑 선 거 구,원신동
고 양 시 갑 선 거 구,흥도동
고 양 시 갑 선 거 구,성사1동
고 양 시 갑 선 거 구,성사2동
고 양 시 갑 선 거 구,고양동
고 양 시 갑 선 거 구,관산동
고 양 시 갑 선 거 구,화정1동
고 양 시 갑 선 거 구,화정2동
고 양 시 갑 선 거 구,고양시일산동구식사동
고 양 시 을 선 거 구,고양시덕양구효자동
고 양 시 을 선 거 구,삼송1동
고 양 시 을 선 거 구,삼송2동
고 양 시 을 선 거 구,창릉동
고 양 시 을 선 거 구,능곡동
고 양 시 을 선 거 구,행주동
고 양 시 을 선 거 구,행신1동
고 양 시 을 선 거 구,행신2동
고 양 시 을 선 거 구,행신3동
고 양 시 을 선 거 구,행신4동
고 양 시 을 선 거 구,화전동
고 양 시 을 선 거 구,대덕동
고 양 시 병 선 거 구,고양시일산동구중산1동
고 양 시 병 선 거 구,중산2동
고 양 시 병 선 거 구,정발산동
고 양 시 병 선 거 구,풍산동
고 양 시 병 선 거 구,백석1동
고 양 시 병 선 거 구,백석2동
고 양 시 병 선 거 구,마두1동
고 양 시 병 선 거 구,마두2동
고 양 시 병 선 거 구,장항1동
고 양 시 병 선 거 구,장항2동
고 양 시 병 선 거 구,고봉동
고 양 시 병 선 거 구,고양시일산서구일산2동
고 양 시 정 선 거 구,고양시일산서구일산1동
고 양 시 정 선 거 구,일산3동
고 양 시 정 선 거 구,탄현1동
고 양 시 정 선 거 구,탄현2동
고 양 시 정 선 거 구,주엽1동
고 양 시 정 선 거 구,주엽2동
고 양 시 정 선 거 구,대화동
고 양 시 정 선 거 구,송포동
고 양 시 정 선 거 구,덕이동
고 양 시 정 선 거 구,가좌동
의왕시과천시선거구,의왕시
의왕시과천시선거구,과천시
구 리 시 선 거 구,구리시
남양주시갑선거구,화도읍
남양주시갑선거구,수동면
남양주시갑선거구,호평동
남양주시갑선거구,평내동
남양주시을선거구,진접읍
남양주시을선거구,오남읍
남양주시을선거구,별내면
남양주시을선거구,별내동
남양주시병선거구,와부읍
남양주시병선거구,진건읍
남양주시병선거구,퇴계원읍
남양주시병선거구,조안면
남양주시병선거구,금곡동
남양주시병선거구,양정동
남양주시병선거구,다산1동
남양주시병선거구,다산2동
오 산 시 선 거 구,오산시
시 흥 시 갑 선 거 구,대야동
시 흥 시 갑 선 거 구,신천동
시 흥 시 갑 선 거 구,신현동
시 흥 시 갑 선 거 구,은행동
시 흥 시 갑 선 거 구,매화동
시 흥 시 갑 선 거 구,목감동
시 흥 시 갑 선 거 구,과림동
시 흥 시 갑 선 거 구,연성동
시 흥 시 갑 선 거 구,장곡동
시 흥 시 을 선 거 구,군자동
시 흥 시 을 선 거 구,정왕본동
시 흥 시 을 선 거 구,정왕1동
시 흥 시 을 선 거 구,정왕2동
시 흥 시 을 선 거 구,정왕3동
시 흥 시 을 선 거 구,정왕4동
시 흥 시 을 선 거 구,거북섬동
시 흥 시 을 선 거 구,배곧1동
시 흥 시 을 선 거 구,배곧2동
시 흥 시 을 선 거 구,능곡동
시 흥 시 을 선 거 구,월곶동
군 포 시 선 거 구,군포시
하 남 시 갑 선 거 구,천현동
하 남 시 갑 선 거 구,신장1동
하 남 시 갑 선 거 구,신장2동
하 남 시 갑 선 거 구,덕풍1동
하 남 시 갑 선 거 구,덕풍2동
하 남 시 갑 선 거 구,감북동
하 남 시 갑 선 거 구,감일동
하 남 시 갑 선 거 구,위례동
하 남 시 갑 선 거 구,춘궁동
하 남 시 갑 선 거 구,초이동
하 남 시 을 선 거 구,덕풍3동
하 남 시 을 선 거 구,미사1동
하 남 시 을 선 거 구,미사2동
하 남 시 을 선 거 구,미사3동
용 인 시 갑 선 거 구,용인시처인구
용 인 시 을 선 거 구,용인시기흥구신갈동
용 인 시 을 선 거 구,영덕1동
용 인 시 을 선 거 구,영덕2동
용 인 시 을 선 거 구,구갈동
용 인 시 을 선 거 구,상갈동
용 인 시 을 선 거 구,보라동
용 인 시 을 선 거 구,기흥동
용 인 시 을 선 거 구,서농동
용 인 시 을 선 거 구,동백2동
용 인 시 을 선 거 구,상하동
용 인 시 병 선 거 구,용인시수지구풍덕천1동
용 인 시 병 선 거 구,풍덕천2동
용 인 시 병 선 거 구,신봉동
용 인 시 병 선 거 구,동천동
용 인 시 병 선 거 구,상현1동
용 인 시 병 선 거 구,상현3동
용 인 시 병 선 거 구,성복동
용 인 시 정 선 거 구,용인시기흥구구성동
용 인 시 정 선 거 구,마북동
용 인 시 정 선 거 구,동백1동
용 인 시 정 선 거 구,동백3동
용 인 시 정 선 거 구,보정동
용 인 시 정 선 거 구,용인시수지구죽전1동
용 인 시 정 선 거 구,죽전2동
용 인 시 정 선 거 구,죽전3동
용 인 시 정 선 거 구,상현2동
파 주 시 갑 선 거 구,교하동
파 주 시 갑 선 거 구,운정1동
파 주 시 갑 선 거 구,운정2동
파 주 시 갑 선 거 구,운정3동
파 주 시 갑 선 거 구,운정4동
파 주 시 갑 선 거 구,운정5동
파 주 시 갑 선 거 구,운정6동
파 주 시 을 선 거 구,문산읍
파 주 시 을 선 거 구,조리읍
파 주 시 을 선 거 구,법원읍
파 주 시 을 선 거 구,파주읍
파 주 시 을 선 거 구,광탄면
파 주 시 을 선 거 구,탄현면
파 주 시 을 선 거 구,월롱면
파 주 시 을 선 거 구,적성면
파 주 시 을 선 거 구,파평면
파 주 시 을 선 거 구,장단면
파 주 시 을 선 거 구,금촌1동
파 주 시 을 선 거 구,금촌2동
파 주 시 을 선 거 구,금촌3동
이 천 시 선 거 구,이천시
안 성 시 선 거 구,안성시
김 포 시 갑 선 거 구,고촌읍
김 포 시 갑 선 거 구,김포본동
김 포 시 갑 선 거 구,사우동
김 포 시 갑 선 거 구,풍무동
김 포 시 갑 선 거 구,장기동
김 포 시 을 선 거 구,통진읍
김 포 시 을 선 거 구,양촌읍
김 포 시 을 선 거 구,대곶면
김 포 시 을 선 거 구,월곶면
김 포 시 을 선 거 구,하성면
김 포 시 을 선 거 구,장기본동
김 포 시 을 선 거 구,구래동
김 포 시 을 선 거 구,마산동
김 포 시 을 선 거 구,운양동
화 성 시 갑 선 거 구,우정읍
화 성 시 갑 선 거 구,향남읍
화 성 시 갑 선 거 구,남양읍
화 성 시 갑 선 거 구,매송면
화 성 시 갑 선 거 구,비봉면
화 성 시 갑 선 거 구,마도면
화 성 시 갑 선 거 구,송산면
화 성 시 갑 선 거 구,서신면
화 성 시 갑 선 거 구,팔탄면
화 성 시 갑 선 거 구,장안면
화 성 시 갑 선 거 구,양감면
화 성 시 갑 선 거 구,정남면
화 성 시 갑 선 거 구,새솔동
화 성 시 을 선 거 구,동탄4동
화 성 시 을 선 거 구,동탄6동
화 성 시 을 선 거 구,동탄7동
화 성 시 을 선 거 구,동탄8동
화 성 시 을 선 거 구,동탄9동
화 성 시 병 선 거 구,봉담읍
화 성 시 병 선 거 구,진안동
화 성 시 병 선 거 구,병점1동
화 성 시 병 선 거 구,병점2동
화 성 시 병 선 거 구,기배동
화 성 시 병 선 거 구,화산동
화 성 시 정 선 거 구,반월동
화 성 시 정 선 거 구,동탄1동
화 성 시 정 선 거 구,동탄2동
화 성 시 정 선 거 구,동탄3동
화 성 시 정 선 거 구,동탄5동
광 주 시 갑 선 거 구,퇴촌면
광 주 시 갑 선 거 구,남종면
광 주 시 갑 선 거 구,남한산성면
광 주 시 갑 선 거 구,경안동
광 주 시 갑 선 거 구,쌍령동
광 주 시 갑 선 거 구,송정동
광 주 시 갑 선 거 구,탄벌동
광 주 시 갑 선 거 구,광남1동
광 주 시 갑 선 거 구,광남2동
광 주 시 을 선 거 구,초월읍
광 주 시 을 선 거 구,곤지암읍
광 주 시 을 선 거 구,도척면
광 주 시 을 선 거 구,오포1동
광 주 시 을 선 거 구,오포2동
광 주 시 을 선 거 구,신현동
광 주 시 을 선 거 구,능평동
포천시가평군선거구,포천시
포천시가평군선거구,가평군
여주시양평군선거구,여주시
여주시양평군선거구,양평군
강원특별자치도(지역구 : 8),
"춘천시철원군화천군
양 구 군 갑 선 거 구",춘천시동산면
"춘천시철원군화천군
양 구 군 갑 선 거 구",신동면
"춘천시철원군화천군
양 구 군 갑 선 거 구",남면
"춘천시철원군화천군
양 구 군 갑 선 거 구",동내면
"춘천시철원군화천군
양 구 군 갑 선 거 구",남산면
"춘천시철원군화천군
양 구 군 갑 선 거 구",교동
"춘천시철원군화천군
양 구 군 갑 선 거 구",조운동
"춘천시철원군화천군
양 구 군 갑 선 거 구",약사명동
"춘천시철원군화천군
양 구 군 갑 선 거 구",근화동
"춘천시철원군화천군
양 구 군 갑 선 거 구",소양동
"춘천시철원군화천군
양 구 군 갑 선 거 구",후평1동
"춘천시철원군화천군
양 구 군 갑 선 거 구",후평2동
"춘천시철원군화천군
양 구 군 갑 선 거 구",후평3동
"춘천시철원군화천군
양 구 군 갑 선 거 구",효자1동
"춘천시철원군화천군
양 구 군 갑 선 거 구",효자2동
"춘천시철원군화천군
양 구 군 갑 선 거 구",효자3동
"춘천시철원군화천군
양 구 군 갑 선 거 구",석사동
"춘천시철원군화천군
양 구 군 갑 선 거 구",퇴계동
"춘천시철원군화천군
양 구 군 갑 선 거 구",강남동
"춘천시철원군화천군
양 구 군 을 선 거 구",춘천시신북읍
"춘천시철원군화천군
양 구 군 을 선 거 구",동면
"춘천시철원군화천군
양 구 군 을 선 거 구",서면
"춘천시철원군화천군
양 구 군 을 선 거 구",사북면
"춘천시철원군화천군
양 구 군 을 선 거 구",북산면
"춘천시철원군화천군
양 구 군 을 선 거 구",신사우동
"춘천시철원군화천군
양 구 군 을 선 거 구",철원군
"춘천시철원군화천군
양 구 군 을 선 거 구",화천군
"춘천시철원군화천군
양 구 군 을 선 거 구",양구군
원 주 시 갑 선 거 구,문막읍
원 주 시 갑 선 거 구,호저면
원 주 시 갑 선 거 구,지정면
원 주 시 갑 선 거 구,부론면
원 주 시 갑 선 거 구,귀래면
원 주 시 갑 선 거 구,중앙동
원 주 시 갑 선 거 구,원인동
원 주 시 갑 선 거 구,일산동
원 주 시 갑 선 거 구,학성동
원 주 시 갑 선 거 구,단계동
원 주 시 갑 선 거 구,우산동
원 주 시 갑 선 거 구,태장1동
원 주 시 갑 선 거 구,태장2동
원 주 시 갑 선 거 구,무실동
원 주 시 을 선 거 구,소초면
원 주 시 을 선 거 구,흥업면
원 주 시 을 선 거 구,판부면
원 주 시 을 선 거 구,신림면
원 주 시 을 선 거 구,개운동
원 주 시 을 선 거 구,명륜1동
원 주 시 을 선 거 구,명륜2동
원 주 시 을 선 거 구,단구동
원 주 시 을 선 거 구,봉산동
원 주 시 을 선 거 구,행구동
원 주 시 을 선 거 구,반곡관설동
강 릉 시 선 거 구,강릉시
"동해시태백시삼척시
정 선 군 선 거 구",동해시
"동해시태백시삼척시
정 선 군 선 거 구",태백시
"동해시태백시삼척시
정 선 군 선 거 구",삼척시
"동해시태백시삼척시
정 선 군 선 거 구",정선군
"속초시인제군고성군
양 양 군 선 거 구",속초시
"속초시인제군고성군
양 양 군 선 거 구",인제군
"속초시인제군고성군
양 양 군 선 거 구",고성군
"속초시인제군고성군
양 양 군 선 거 구",양양군
"홍천군횡성군영월군
평 창 군 선 거 구",홍천군
"홍천군횡성군영월군
평 창 군 선 거 구",횡성군
"홍천군횡성군영월군
평 창 군 선 거 구",영월군
"홍천군횡성군영월군
평 창 군 선 거 구",평창군
충청북도(지역구 : 8),
청주시상당구선거구,청주시상당구
청주시서원구선거구,청주시서원구
청주시흥덕구선거구,청주시흥덕구
청주시청원구선거구,청주시청원구
충 주 시 선 거 구,충주시
제천시단양군선거구,제천시
제천시단양군선거구,단양군
"보은군옥천군영동군
괴 산 군 선 거 구",보은군
"보은군옥천군영동군
괴 산 군 선 거 구",옥천군
"보은군옥천군영동군
괴 산 군 선 거 구",영동군
"보은군옥천군영동군
괴 산 군 선 거 구",괴산군
"증평군진천군음성군
선 거 구",증평군
"증평군진천군음성군
선 거 구",진천군
"증평군진천군음성군
선 거 구",음성군
충청남도(지역구 : 11),
천 안 시 갑 선 거 구,천안시동남구목천읍
천 안 시 갑 선 거 구,북면
천 안 시 갑 선 거 구,성남면
천 안 시 갑 선 거 구,수신면
천 안 시 갑 선 거 구,병천면
천 안 시 갑 선 거 구,동면
천 안 시 갑 선 거 구,중앙동
천 안 시 갑 선 거 구,문성동
천 안 시 갑 선 거 구,원성1동
천 안 시 갑 선 거 구,원성2동
천 안 시 갑 선 거 구,봉명동
천 안 시 갑 선 거 구,일봉동
천 안 시 갑 선 거 구,청룡동
천 안 시 갑 선 거 구,신안동
천 안 시 갑 선 거 구,천안시서북구성정1동
천 안 시 갑 선 거 구,성정2동
천 안 시 을 선 거 구,천안시서북구성환읍
천 안 시 을 선 거 구,성거읍
천 안 시 을 선 거 구,직산읍
천 안 시 을 선 거 구,입장면
천 안 시 을 선 거 구,백석동
천 안 시 을 선 거 구,부성1동
천 안 시 을 선 거 구,부성2동
천 안 시 병 선 거 구,천안시동남구풍세면
천 안 시 병 선 거 구,광덕면
천 안 시 병 선 거 구,신방동
천 안 시 병 선 거 구,천안시서북구쌍용1동
천 안 시 병 선 거 구,쌍용2동
천 안 시 병 선 거 구,쌍용3동
천 안 시 병 선 거 구,불당1동
천 안 시 병 선 거 구,불당2동
"공주시부여군청양군
선 거 구",공주시
"공주시부여군청양군
선 거 구",부여군
"공주시부여군청양군
선 거 구",청양군
보령시서천군선거구,보령시
보령시서천군선거구,서천군
아 산 시 갑 선 거 구,선장면
아 산 시 갑 선 거 구,도고면
아 산 시 갑 선 거 구,신창면
아 산 시 갑 선 거 구,온양1동
아 산 시 갑 선 거 구,온양2동
아 산 시 갑 선 거 구,온양3동
아 산 시 갑 선 거 구,온양4동
아 산 시 갑 선 거 구,온양5동
아 산 시 갑 선 거 구,온양6동
아 산 시 을 선 거 구,염치읍
아 산 시 을 선 거 구,배방읍
아 산 시 을 선 거 구,송악면
아 산 시 을 선 거 구,탕정면
아 산 시 을 선 거 구,음봉면
아 산 시 을 선 거 구,둔포면
아 산 시 을 선 거 구,영인면
아 산 시 을 선 거 구,인주면
서산시태안군선거구,서산시
서산시태안군선거구,태안군
"논산시계룡시금산군
선 거 구",논산시
"논산시계룡시금산군
선 거 구",계룡시
"논산시계룡시금산군
선 거 구",금산군
당 진 시 선 거 구,당진시
홍성군예산군선거구,홍성군
홍성군예산군선거구,예산군
전북특별자치도(지역구 : 10),
전 주 시 갑 선 거 구,전주시완산구중앙동
전 주 시 갑 선 거 구,풍남동
전 주 시 갑 선 거 구,노송동
전 주 시 갑 선 거 구,완산동
전 주 시 갑 선 거 구,동서학동
전 주 시 갑 선 거 구,서서학동
전 주 시 갑 선 거 구,중화산1동
전 주 시 갑 선 거 구,중화산2동
전 주 시 갑 선 거 구,평화1동
전 주 시 갑 선 거 구,평화2동
전 주 시 갑 선 거 구,전주시덕진구인후1동
전 주 시 갑 선 거 구,인후2동
전 주 시 갑 선 거 구,인후3동
전 주 시 을 선 거 구,전주시완산구서신동
전 주 시 을 선 거 구,삼천1동
전 주 시 을 선 거 구,삼천2동
전 주 시 을 선 거 구,삼천3동
전 주 시 을 선 거 구,효자1동
전 주 시 을 선 거 구,효자2동
전 주 시 을 선 거 구,효자3동
전 주 시 을 선 거 구,효자4동
전 주 시 을 선 거 구,효자5동
전 주 시 병 선 거 구,전주시덕진구진북동
전 주 시 병 선 거 구,덕진동
전 주 시 병 선 거 구,금암1동
전 주 시 병 선 거 구,금암2동
전 주 시 병 선 거 구,팔복동
전 주 시 병 선 거 구,우아1동
전 주 시 병 선 거 구,우아2동
전 주 시 병 선 거 구,호성동
전 주 시 병 선 거 구,송천1동
전 주 시 병 선 거 구,송천2동
전 주 시 병 선 거 구,조촌동
전 주 시 병 선 거 구,여의동
전 주 시 병 선 거 구,혁신동
"군산시김제시부안군
갑 선 거 구",군산시옥구읍
"군산시김제시부안군
갑 선 거 구",옥산면
"군산시김제시부안군
갑 선 거 구",임피면
"군산시김제시부안군
갑 선 거 구",서수면
"군산시김제시부안군
갑 선 거 구",개정면
"군산시김제시부안군
갑 선 거 구",성산면
"군산시김제시부안군
갑 선 거 구",나포면
"군산시김제시부안군
갑 선 거 구",옥도면
"군산시김제시부안군
갑 선 거 구",옥서면
"군산시김제시부안군
갑 선 거 구",해신동
"군산시김제시부안군
갑 선 거 구",월명동
"군산시김제시부안군
갑 선 거 구",신풍동
"군산시김제시부안군
갑 선 거 구",삼학동
"군산시김제시부안군
갑 선 거 구",중앙동
"군산시김제시부안군
갑 선 거 구",흥남동
"군산시김제시부안군
갑 선 거 구",조촌동
"군산시김제시부안군
갑 선 거 구",경암동
"군산시김제시부안군
갑 선 거 구",구암동
"군산시김제시부안군
갑 선 거 구",개정동
"군산시김제시부안군
갑 선 거 구",수송동
"군산시김제시부안군
갑 선 거 구",나운1동
"군산시김제시부안군
갑 선 거 구",나운2동
"군산시김제시부안군
갑 선 거 구",나운3동
"군산시김제시부안군
갑 선 거 구",소룡동
"군산시김제시부안군
갑 선 거 구",미성동
"군산시김제시부안군
을 선 거 구",군산시회현면
"군산시김제시부안군
을 선 거 구",대야면
"군산시김제시부안군
을 선 거 구",김제시
"군산시김제시부안군
을 선 거 구",부안군
익 산 시 갑 선 거 구,함열읍
익 산 시 갑 선 거 구,오산면
익 산 시 갑 선 거 구,황등면
익 산 시 갑 선 거 구,함라면
익 산 시 갑 선 거 구,삼기면
익 산 시 갑 선 거 구,중앙동
익 산 시 갑 선 거 구,평화동
익 산 시 갑 선 거 구,인화동
익 산 시 갑 선 거 구,마동
익 산 시 갑 선 거 구,남중동
익 산 시 갑 선 거 구,모현동
익 산 시 갑 선 거 구,송학동
익 산 시 갑 선 거 구,신동
익 산 시 갑 선 거 구,영등2동
익 산 시 을 선 거 구,웅포면
익 산 시 을 선 거 구,성당면
익 산 시 을 선 거 구,용안면
익 산 시 을 선 거 구,낭산면
익 산 시 을 선 거 구,망성면
익 산 시 을 선 거 구,여산면
익 산 시 을 선 거 구,금마면
익 산 시 을 선 거 구,왕궁면
익 산 시 을 선 거 구,춘포면
익 산 시 을 선 거 구,용동면
익 산 시 을 선 거 구,동산동
익 산 시 을 선 거 구,영등1동
익 산 시 을 선 거 구,어양동
익 산 시 을 선 거 구,팔봉동
익 산 시 을 선 거 구,삼성동
정읍시고창군선거구,정읍시
정읍시고창군선거구,고창군
"남원시장수군임실군
순 창 군 선 거 구",남원시
"남원시장수군임실군
순 창 군 선 거 구",장수군
"남원시장수군임실군
순 창 군 선 거 구",임실군
"남원시장수군임실군
순 창 군 선 거 구",순창군
"완주군진안군무주군
선 거 구",완주군
"완주군진안군무주군
선 거 구",진안군
"완주군진안군무주군
선 거 구",무주군
전라남도(지역구 : 10),
목 포 시 선 거 구,목포시
여 수 시 갑 선 거 구,돌산읍
여 수 시 갑 선 거 구,남면
여 수 시 갑 선 거 구,화정면
여 수 시 갑 선 거 구,삼산면
여 수 시 갑 선 거 구,동문동
여 수 시 갑 선 거 구,한려동
여 수 시 갑 선 거 구,중앙동
여 수 시 갑 선 거 구,충무동
여 수 시 갑 선 거 구,광림동
여 수 시 갑 선 거 구,서강동
여 수 시 갑 선 거 구,대교동
여 수 시 갑 선 거 구,국동
여 수 시 갑 선 거 구,월호동
여 수 시 갑 선 거 구,여서동
여 수 시 갑 선 거 구,문수동
여 수 시 갑 선 거 구,미평동
여 수 시 갑 선 거 구,둔덕동
여 수 시 갑 선 거 구,만덕동
여 수 시 갑 선 거 구,삼일동
여 수 시 갑 선 거 구,묘도동
여 수 시 을 선 거 구,소라면
여 수 시 을 선 거 구,율촌면
여 수 시 을 선 거 구,화양면
여 수 시 을 선 거 구,쌍봉동
여 수 시 을 선 거 구,시전동
여 수 시 을 선 거 구,여천동
여 수 시 을 선 거 구,주삼동
"순천시광양시곡성군
구 례 군 갑 선 거 구",순천시승주읍
"순천시광양시곡성군
구 례 군 갑 선 거 구",서면
"순천시광양시곡성군
구 례 군 갑 선 거 구",황전면
"순천시광양시곡성군
구 례 군 갑 선 거 구",월등면
"순천시광양시곡성군
구 례 군 갑 선 거 구",주암면
"순천시광양시곡성군
구 례 군 갑 선 거 구",송광면
"순천시광양시곡성군
구 례 군 갑 선 거 구",외서면
"순천시광양시곡성군
구 례 군 갑 선 거 구",낙안면
"순천시광양시곡성군
구 례 군 갑 선 거 구",별량면
"순천시광양시곡성군
구 례 군 갑 선 거 구",상사면
"순천시광양시곡성군
구 례 군 갑 선 거 구",향동
"순천시광양시곡성군
구 례 군 갑 선 거 구",매곡동
"순천시광양시곡성군
구 례 군 갑 선 거 구",삼산동
"순천시광양시곡성군
구 례 군 갑 선 거 구",조곡동
"순천시광양시곡성군
구 례 군 갑 선 거 구",덕연동
"순천시광양시곡성군
구 례 군 갑 선 거 구",풍덕동
"순천시광양시곡성군
구 례 군 갑 선 거 구",남제동
"순천시광양시곡성군
구 례 군 갑 선 거 구",저전동
"순천시광양시곡성군
구 례 군 갑 선 거 구",장천동
"순천시광양시곡성군
구 례 군 갑 선 거 구",중앙동
"순천시광양시곡성군
구 례 군 갑 선 거 구",도사동
"순천시광양시곡성군
구 례 군 갑 선 거 구",왕조1동
"순천시광양시곡성군
구 례 군 갑 선 거 구",왕조2동
"순천시광양시곡성군
구 례 군 을 선 거 구",순천시해룡면
"순천시광양시곡성군
구 례 군 을 선 거 구",광양시
"순천시광양시곡성군
구 례 군 을 선 거 구",곡성군
"순천시광양시곡성군
구 례 군 을 선 거 구",구례군
나주시화순군선거구,나주시
나주시화순군선거구,화순군
"담양군함평군영광군
장 성 군 선 거 구",담양군
"담양군함평군영광군
장 성 군 선 거 구",함평군
"담양군함평군영광군
장 성 군 선 거 구",영광군
"담양군함평군영광군
장 성 군 선 거 구",장성군
"고흥군보성군장흥군
강 진 군 선 거 구",고흥군
"고흥군보성군장흥군
강 진 군 선 거 구",보성군
"고흥군보성군장흥군
강 진 군 선 거 구",장흥군
"고흥군보성군장흥군
강 진 군 선 거 구",강진군
"해남군완도군진도군
선 거 구",해남군
"해남군완도군진도군
선 거 구",완도군
"해남군완도군진도군
선 거 구",진도군
"영암군무안군신안군
선 거 구",영암군
"영암군무안군신안군
선 거 구",무안군
"영암군무안군신안군
선 거 구",신안군
경상북도(지역구 : 13),
포항시북구선거구,포항시북구
"포항시남구울릉군
선 거 구",포항시남구
"포항시남구울릉군
선 거 구",울릉군
경 주 시 선 거 구,경주시
김 천 시 선 거 구,김천시
안동시예천군선거구,안동시
안동시예천군선거구,예천군
구 미 시 갑 선 거 구,송정동
구 미 시 갑 선 거 구,원평동
구 미 시 갑 선 거 구,지산동
구 미 시 갑 선 거 구,도량동
구 미 시 갑 선 거 구,선주원남동
구 미 시 갑 선 거 구,형곡1동
구 미 시 갑 선 거 구,형곡2동
구 미 시 갑 선 거 구,공단동
구 미 시 갑 선 거 구,광평동
구 미 시 갑 선 거 구,상모사곡동
구 미 시 갑 선 거 구,임오동
구 미 시 갑 선 거 구,신평1동
구 미 시 갑 선 거 구,신평2동
구 미 시 갑 선 거 구,비산동
구 미 시 을 선 거 구,선산읍
구 미 시 을 선 거 구,고아읍
구 미 시 을 선 거 구,산동읍
구 미 시 을 선 거 구,무을면
구 미 시 을 선 거 구,옥성면
구 미 시 을 선 거 구,도개면
구 미 시 을 선 거 구,해평면
구 미 시 을 선 거 구,장천면
구 미 시 을 선 거 구,인동동
구 미 시 을 선 거 구,진미동
구 미 시 을 선 거 구,양포동
"영주시영양군봉화군
선 거 구",영주시
"영주시영양군봉화군
선 거 구",영양군
"영주시영양군봉화군
선 거 구",봉화군
영천시청도군선거구,영천시
영천시청도군선거구,청도군
상주시문경시선거구,상주시
상주시문경시선거구,문경시
경 산 시 선 거 구,경산시
"의성군청송군영덕군
울 진 군 선 거 구",의성군
"의성군청송군영덕군
울 진 군 선 거 구",청송군
"의성군청송군영덕군
울 진 군 선 거 구",영덕군
"의성군청송군영덕군
울 진 군 선 거 구",울진군
"고령군성주군칠곡군
선 거 구",고령군
"고령군성주군칠곡군
선 거 구",성주군
"고령군성주군칠곡군
선 거 구",칠곡군
경상남도(지역구 : 16),
창원시의창구선거구,창원시의창구
창원시성산구선거구,창원시성산구
"창원시마산합포구
선 거 구",창원시마산합포구
"창원시마산회원구
선 거 구",창원시마산회원구
창원시진해구선거구,창원시진해구
진 주 시 갑 선 거 구,문산읍
진 주 시 갑 선 거 구,내동면
진 주 시 갑 선 거 구,정촌면
진 주 시 갑 선 거 구,금곡면
진 주 시 갑 선 거 구,명석면
진 주 시 갑 선 거 구,대평면
진 주 시 갑 선 거 구,수곡면
진 주 시 갑 선 거 구,천전동
진 주 시 갑 선 거 구,성북동
진 주 시 갑 선 거 구,평거동
진 주 시 갑 선 거 구,신안동
진 주 시 갑 선 거 구,이현동
진 주 시 갑 선 거 구,판문동
진 주 시 갑 선 거 구,가호동
진 주 시 갑 선 거 구,충무공동
진 주 시 을 선 거 구,진성면
진 주 시 을 선 거 구,일반성면
진 주 시 을 선 거 구,이반성면
진 주 시 을 선 거 구,사봉면
진 주 시 을 선 거 구,지수면
진 주 시 을 선 거 구,대곡면
진 주 시 을 선 거 구,금산면
진 주 시 을 선 거 구,집현면
진 주 시 을 선 거 구,미천면
진 주 시 을 선 거 구,중앙동
진 주 시 을 선 거 구,상봉동
진 주 시 을 선 거 구,상대동
진 주 시 을 선 거 구,하대동
진 주 시 을 선 거 구,상평동
진 주 시 을 선 거 구,초장동
통영시고성군선거구,통영시
통영시고성군선거구,고성군
"사천시남해군하동군
선 거 구",사천시
"사천시남해군하동군
선 거 구",남해군
"사천시남해군하동군
선 거 구",하동군
김 해 시 갑 선 거 구,진영읍
김 해 시 갑 선 거 구,한림면
김 해 시 갑 선 거 구,생림면
김 해 시 갑 선 거 구,상동면
김 해 시 갑 선 거 구,대동면
김 해 시 갑 선 거 구,동상동
김 해 시 갑 선 거 구,회현동
김 해 시 갑 선 거 구,부원동
김 해 시 갑 선 거 구,북부동
김 해 시 갑 선 거 구,활천동
김 해 시 갑 선 거 구,삼안동
김 해 시 갑 선 거 구,불암동
김 해 시 을 선 거 구,주촌면
김 해 시 을 선 거 구,진례면
김 해 시 을 선 거 구,내외동
김 해 시 을 선 거 구,칠산서부동
김 해 시 을 선 거 구,장유1동
김 해 시 을 선 거 구,장유2동
김 해 시 을 선 거 구,장유3동
"밀양시의령군함안군
창 녕 군 선 거 구",밀양시
"밀양시의령군함안군
창 녕 군 선 거 구",의령군
"밀양시의령군함안군
창 녕 군 선 거 구",함안군
"밀양시의령군함안군
창 녕 군 선 거 구",창녕군
거 제 시 선 거 구,거제시
양 산 시 갑 선 거 구,물금읍
양 산 시 갑 선 거 구,원동면
양 산 시 갑 선 거 구,상북면
양 산 시 갑 선 거 구,하북면
양 산 시 갑 선 거 구,중앙동
양 산 시 갑 선 거 구,삼성동
양 산 시 갑 선 거 구,강서동
양 산 시 을 선 거 구,동면
양 산 시 을 선 거 구,양주동
양 산 시 을 선 거 구,서창동
양 산 시 을 선 거 구,소주동
양 산 시 을 선 거 구,평산동
양 산 시 을 선 거 구,덕계동
"산청군함양군거창군
합 천 군 선 거 구",산청군
"산청군함양군거창군
합 천 군 선 거 구",함양군
"산청군함양군거창군
합 천 군 선 거 구",거창군
"산청군함양군거창군
합 천 군 선 거 구",합천군
제주특별자치도(지역구 : 3),
제 주 시 갑 선 거 구,한림읍
제 주 시 갑 선 거 구,애월읍
제 주 시 갑 선 거 구,한경면
제 주 시 갑 선 거 구,추자면
제 주 시 갑 선 거 구,삼도1동
제 주 시 갑 선 거 구,삼도2동
제 주 시 갑 선 거 구,용담1동
제 주 시 갑 선 거 구,용담2동
제 주 시 갑 선 거 구,오라동
제 주 시 갑 선 거 구,연동
제 주 시 갑 선 거 구,노형동
제 주 시 갑 선 거 구,외도동
제 주 시 갑 선 거 구,이호동
제 주 시 갑 선 거 구,도두동
제 주 시 을 선 거 구,구좌읍
제 주 시 을 선 거 구,조천읍
제 주 시 을 선 거 구,우도면
제 주 시 을 선 거 구,일도1동
제 주 시 을 선 거 구,일도2동
제 주 시 을 선 거 구,이도1동
제 주 시 을 선 거 구,이도2동
제 주 시 을 선 거 구,건입동
제 주 시 을 선 거 구,화북동
제 주 시 을 선 거 구,삼양동
제 주 시 을 선 거 구,봉개동
제 주 시 을 선 거 구,아라동
서 귀 포 시 선 거 구,서귀포시
